-- Resposta do Comando SQL item a)
INSERT INTO MC_DEPTO (CD_DEPTO, NM_DEPTO, ST_DEPTO)
    VALUES('342','COMERCIAL', 'A');
INSERT INTO MC_DEPTO (CD_DEPTO, NM_DEPTO, ST_DEPTO)
    VALUES('425','FINANCEIRO','B');
INSERT INTO MC_DEPTO (CD_DEPTO, NM_DEPTO, ST_DEPTO)
    VALUES('315','SAC', 'C');

-- Resposta do Comando SQL item b)
INSERT INTO MC_FUNCIONARIO (CD_FUNCIONARIO, CD_DEPTO, NM_FUNCIONARIO, DT_NASCIMENTO, DS_CARGO, ST_FUNC)
    VALUES('2134525','342','JOAO DA SILVA',TO_DATE('14/02/1992','DD/MM/YYYY'),'VENDEDOR', 'A');
INSERT INTO MC_FUNCIONARIO (CD_FUNCIONARIO, CD_DEPTO, NM_FUNCIONARIO, DT_NASCIMENTO, DS_CARGO, ST_FUNC)
    VALUES('3154180','425','MARIA DA PENHA',TO_DATE('27/06/1956','DD/MM/YYYY'),'TESOUREIRA', 'A');
INSERT INTO MC_FUNCIONARIO (CD_FUNCIONARIO, CD_DEPTO, NM_FUNCIONARIO, DT_NASCIMENTO, DS_CARGO, ST_FUNC)
    VALUES('1041050','315','PEDRO CARVALHO',TO_DATE('26/04/1962','DD/MM/YYYY'),'ATENDENTE', 'A');
 
-- Resposta do Comando SQL item c)
INSERT INTO MC_ESTADO (SG_ESTADO, NM_ESTADO)
    VALUES ('MG','MINAS GERAIS');
INSERT INTO MC_ESTADO (SG_ESTADO, NM_ESTADO)
    VALUES ('RJ','RIO DE JANEIRO');
INSERT INTO MC_CIDADE (CD_CIDADE, SG_ESTADO, NM_CIDADE)
    VALUES ('3118304', 'MG', 'CONSELHEIRO LAFAIETE');
INSERT INTO MC_CIDADE (CD_CIDADE, SG_ESTADO, NM_CIDADE)
    VALUES ('3106200', 'MG', 'BELO HORIZONTE');
INSERT INTO MC_CIDADE (CD_CIDADE, SG_ESTADO, NM_CIDADE)
    VALUES ('3304557', 'RJ', 'RIO DE JANEIRO');
INSERT INTO MC_CIDADE (CD_CIDADE, SG_ESTADO, NM_CIDADE)
    VALUES ('3304558', 'RJ', 'RIO DE JANEIRO');
INSERT INTO MC_BAIRRO (CD_BAIRRO, CD_CIDADE)
    VALUES ('123', '3118304');
INSERT INTO MC_BAIRRO (CD_BAIRRO, CD_CIDADE)
    VALUES ('321', '3106200');
INSERT INTO MC_BAIRRO (CD_BAIRRO, CD_CIDADE)
    VALUES ('543', '3304557');
INSERT INTO MC_BAIRRO (CD_BAIRRO, CD_CIDADE)
    VALUES ('456', '3304558');
INSERT INTO MC_LOGRADOURO(CD_LOGRADOURO, CD_BAIRRO, NM_LOGRADOURO)
    VALUES ('36400049','123', 'Alameda Arthur de Souza Dias');
INSERT INTO MC_LOGRADOURO(CD_LOGRADOURO, CD_BAIRRO, NM_LOGRADOURO)
    VALUES ('36400064', '123','Alameda Danilo Meirelles');
INSERT INTO MC_LOGRADOURO (CD_LOGRADOURO, CD_BAIRRO, NM_LOGRADOURO)
    VALUES ('30140040', '321','Rua Padre Marinho');
INSERT INTO MC_LOGRADOURO (CD_LOGRADOURO, CD_BAIRRO, NM_LOGRADOURO)
    VALUES ('30150240', '321','Rua Domingos Vieira');
INSERT INTO MC_LOGRADOURO(CD_LOGRADOURO, CD_BAIRRO, NM_LOGRADOURO)
    VALUES ('22220080','456','Rua Barao do Flamengo');
INSERT INTO MC_LOGRADOURO(CD_LOGRADOURO, CD_BAIRRO, NM_LOGRADOURO)
    VALUES ('22210060', '456','Rua Almirante Tamandare');
INSERT INTO MC_LOGRADOURO (CD_LOGRADOURO, CD_BAIRRO, NM_LOGRADOURO)
    VALUES ('22250100', '456','Rua Gabriela Mistral');
INSERT INTO MC_LOGRADOURO (CD_LOGRADOURO, CD_BAIRRO, NM_LOGRADOURO)
    VALUES ('22250120', '456','Rua Honorio de Barros');

-- Resposta do Comando SQL item d)
INSERT INTO MC_END_FUNC (CD_FUNCIONARIO, CD_LOGRADOURO, NR_END, DS_COMPLEMENTO_END, DT_INICIO, ST_END)
    VALUES ('2134525', '22220080', '4', 'APTO 201', TO_DATE('01/01/2020','DD/MM/YYYY'),'A');
INSERT INTO MC_END_FUNC (CD_FUNCIONARIO, CD_LOGRADOURO, NR_END, DS_COMPLEMENTO_END, DT_INICIO, ST_END)
    VALUES ('3154180', '30140040', '450', 'APTO 602', TO_DATE('17/03/2021','DD/MM/YYYY'),'B');

-- Resposta do Comando SQL item e)
INSERT INTO MC_CLIENTE (NR_CLIENTE,NM_CLIENTE, NM_LOGIN, DS_SENHA)
    VALUES ('34567','MARIANA COUTINHO','MARIANACOUTINHO2', 'MARIANA789');
INSERT INTO MC_CLI_FISICA (NR_CLIENTE,DT_NASCIMENTO,FL_SEXO_BIOLOGICO, NR_CPF)
    VALUES ('34567', TO_DATE('23/03/1990','DD/MM/YYYY'),'M','11615457607');
INSERT INTO MC_END_CLI (NR_CLIENTE, CD_LOGRADOURO_CLI, NR_END)
    VALUES ('34567','30140040', '450');
INSERT INTO MC_CLIENTE (NR_CLIENTE, NM_CLIENTE, NM_LOGIN, DS_SENHA)
    VALUES ('54321', 'FERNANDA FORTES', 'FERNANDAFORTES23', 'FERNANDA321');
INSERT INTO MC_CLI_FISICA (NR_CLIENTE,DT_NASCIMENTO,FL_SEXO_BIOLOGICO, NR_CPF)
    VALUES ('54321', TO_DATE('24/04/1992', 'DD/MM/YYYY'),'F','44134578949');
INSERT INTO MC_END_CLI (NR_CLIENTE, CD_LOGRADOURO_CLI, NR_END)
    VALUES ('54321','22220080','4');
INSERT INTO MC_CLIENTE (NR_CLIENTE, NM_CLIENTE, NM_LOGIN, DS_SENHA)
    VALUES ('876543', 'EMPRESA1', 'EMPRRESA123', 'EMPRESA321');
INSERT INTO MC_CLI_JURIDICA (NR_CLIENTE)
    VALUES ('876543');
INSERT INTO MC_END_CLI (NR_CLIENTE, CD_LOGRADOURO_CLI, NR_END)
    VALUES ('876543', '22250120', '123');

-- Resposta do Comando SQL item f)
INSERT INTO MC_CLIENTE (NR_CLIENTE, NM_CLIENTE, NM_LOGIN, DS_SENHA)
    VALUES ('12345', 'JULIA COUTINHO', 'MARIANACOUTINHO2', 'JULIA231');

-- Resposta do Comando DQL item g)
INSERT INTO MC_CATEGORIA_PROD (CD_CATEGORIA,TP_CATEGORIA, DS_CATEGORIA, ST_CATEGORIA)
    VALUES ('1', 'G', 'ELETRONICOS', 'A');
INSERT INTO MC_CATEGORIA_PROD (CD_CATEGORIA,TP_CATEGORIA, DS_CATEGORIA, ST_CATEGORIA)
    VALUES ('2', 'F', 'ESPORTE E LAZER', 'B');
INSERT INTO MC_CATEGORIA_PROD (CD_CATEGORIA,TP_CATEGORIA, DS_CATEGORIA, ST_CATEGORIA)
    VALUES ('3', 'L', 'PET SHOP', 'C');

-- Resposta do Comando SQL item h)
INSERT INTO MC_PRODUTO(CD_PRODUTO, CD_CATEGORIA, DS_PRODUTO, VL_UNITARIO, DS_COMPLETA_PROD)
    VALUES ('12345', '1', 'VIDEOGAME', 4200.00, 'VIDEOGAME PLAYSTATION 5');
INSERT INTO MC_PRODUTO(CD_PRODUTO, CD_CATEGORIA, DS_PRODUTO, VL_UNITARIO, DS_COMPLETA_PROD)
    VALUES ('54321', '3', 'OSSO', 10.99, 'BISCOITO OSSO PARA CACHORRO');
INSERT INTO MC_PRODUTO(CD_PRODUTO, CD_CATEGORIA, DS_PRODUTO, VL_UNITARIO, DS_COMPLETA_PROD)
    VALUES ('53412', '1', 'TELEVISAO', 5200.00, 'TELEVISAO SAMSUNG 55 POLEGADAS');
INSERT INTO MC_PRODUTO(CD_PRODUTO, CD_CATEGORIA, DS_PRODUTO, VL_UNITARIO, DS_COMPLETA_PROD)
    VALUES ('12543', '2', 'BOLA', 246.99, 'BOLA DE FUTEBOL DE CAMPO ADIDAS');
INSERT INTO MC_PRODUTO(CD_PRODUTO, CD_CATEGORIA, DS_PRODUTO, VL_UNITARIO, DS_COMPLETA_PROD)
    VALUES ('58976', '2', 'BOLA', 37.99, 'BOLA DE BASQUETE ADAMS');
    
-- Resposta do Comando SQL item i)
INSERT INTO MC_CATEGORIA_PROD (CD_CATEGORIA, TP_CATEGORIA, DS_CATEGORIA, ST_CATEGORIA)
    VALUES (4,'B','INSTALACAO PRODUTO','A');
INSERT INTO MC_CATEGORIA_PROD (CD_CATEGORIA, TP_CATEGORIA, DS_CATEGORIA, ST_CATEGORIA)
    VALUES (5,'B','USO NO COTIDIANO','A');   
    
-- Resposta do Comando SQL item j)
INSERT INTO MC_SGV_PRODUTO_VIDEO (CD_PRODUTO, NR_SEQUENCIA,CD_CATEGORIA)
    VALUES ('12345', '123','1');
INSERT INTO MC_SGV_PRODUTO_VIDEO (CD_PRODUTO, NR_SEQUENCIA,CD_CATEGORIA)
    VALUES ('54321', '234','2');
    
-- Resposta do Comando SQL item k)
INSERT INTO MC_SGV_VISUALIZACAO_VIDEO (CD_VISUALIZACAO_VIDEO, CD_PRODUTO, NR_SEQUENCIA, DT_VISUALIZACAO, NR_HORA_VISUALIZACAO)
    VALUES ('4567', '12345','123', TO_DATE ('23/04/2022','DD,MM,YYYY'), 22);
INSERT INTO MC_SGV_VISUALIZACAO_VIDEO (CD_VISUALIZACAO_VIDEO,CD_PRODUTO, NR_SEQUENCIA, DT_VISUALIZACAO, NR_HORA_VISUALIZACAO)
    VALUES ('4536','54321','234', TO_DATE ('12/12/2023','DD/MM/YYYY'), 22);
INSERT INTO MC_CLIENTE (NR_CLIENTE, NM_CLIENTE, NM_LOGIN, DS_SENHA)
    VALUES ('54785', 'JOAO RODRIGUES', 'JOAORODRIGUES1', 'JOAO562');
    
-- Resposta do Comando SQL item l)
COMMIT;

-- Resposta do Comando SQL item m)
UPDATE MC_FUNCIONARIO
    SET VL_SALARIO = VL_SALARIO * 1.12;
WHERE NM_FUNCIONARIO = 'JOAO DA SILVA';

UPDATE MC_FUNCIONARIO
    SET DS_CARGO = 'Gerente Comercial';
WHERE NM_FUNCIONARIO = 'JOAO DA SILVA';

-- Resposta do Comando SQL item n)
UPDATE MC_DEPTO
    SET NM_DEPTO = 'CHAMADOS DE CLIENTES';
WHERE NM_DEPTO = 'SAC';

-- Resposta do Comando SQL item o)
UPDATE MC_CLI_FISICA
    SET DT_NASCIMENTO = TO_DATE ('18/05/2002','DD/MM/YYYY');
WHERE NR_CLIENTE = 54321;

-- Resposta do Comando SQL item p)
UPDATE MC_FUNCIONARIO
     SET ST_FUNC = 'I';
WHERE NM_FUNCIONARIO = 'PEDRO CARVALHO';


UPDATE MC_FUNCIONARIO
     SET DT_DESLIGAMENTO = SYSDATE;
WHERE NM_FUNCIONARIO = 'PEDRO CARVALHO';

-- Resposta do Comando SQL item q)

UPDATE MC_END_CLI
     SET ST_END = 'I'; 
WHERE CD_LOGRADOURO_CLI = '30140040';

UPDATE MC_END_CLI
     SET DT_TERMINO = TO_DATE ('16/04/2024', 'DD/MM/YYYY');
WHERE CD_LOGRADOURO_CLI = '30140040';

-- Resposta do Comando SQL item r)
DELETE FROM MC_ESTADO
    WHERE SG_ESTADO =  'MG';

-- Resposta do Comando SQL item s)
UPDATE MC_PRODUTO
    SET ST_PRODUTO = 'X';
WHERE CD_PRODUTO = '12345';

-- Resposta do Comando SQL item t)
COMMIT;